Built,n,prop
3.6.0,14,0.10071942446043165
3.6.1,83,0.5971223021582733
3.6.2,42,0.302158273381295
