Built,n,prop
3.6.0,13,0.11403508771929824
3.6.1,85,0.7456140350877193
3.6.2,16,0.14035087719298245
